{
  "meta": {
    "generatedAt": "2026-03-18T04:24:45.075Z",
    "sourceRun": "latest.json",
    "metricVersion": "post-perfRunner-correction",
    "authoritativeMetrics": {
      "serverTick": "serverMetrics.tickDurationMs",
      "snapshotCadence": "avgSnapshotIntervalMs",
      "browserPerf": "network-browser-baseline.json"
    }
  },
  "local": {
    "avgTickMs": 0.5327189873417747,
    "p95TickMs": 4.067000000000007
  },
  "avgTickMs": 0.393685256410276,
  "p95TickMs": 3.0638999999999896,
  "avgSnapshotIntervalMs": 49.95071880634014,
  "p95SnapshotIntervalMs": 62.7333984375,
  "p95FrameGapMs": 63,
  "snapshotCatchupEvents": 0,
  "avgSnapshotBytes": 700.6190476190476,
  "p95SnapshotBytes": 934,
  "avgCorrectionPx": 109.90201014476278,
  "maxCorrectionPx": 184.3508396325258,
  "projectileOriginErrorPx_p95": 9.381579853785903,
  "projectileOriginSampleCount": 11,
  "projectileSnapEvents": 0,
  "clientJitterMs": 6.3834567994198235,
  "clientFrameGapSpikes": 22,
  "avgBufferDepth": 1.5438066465256797,
  "p95BufferDepth": 2,
  "mapReadyTimeMs": 1,
  "unknownTileCollisionCount": 0,
  "serverMetrics": {
    "tickDurationMs": {
      "avg": 0.393685256410276,
      "p95": 3.0638999999999896
    },
    "serializeDurationMs": {
      "avg": 0.04288749999997011,
      "p95": 0.09489999999982501
    },
    "snapshotBroadcastDurationMs": {
      "avg": 0.1566105769230673,
      "p95": 0.2266999999997097
    },
    "tickScheduleOverrunMs": {
      "avg": 7.671970408165487,
      "p95": 14.232200000000603,
      "count": 297
    },
    "tickScheduleUnderrunMs": {
      "avg": 0,
      "p95": 0,
      "count": 0
    },
    "droppedSnapshots": 0,
    "snapshotBroadcastCount": 104
  }
}
